担当者名,蔦森くいな,HIJIKI,かいだこ,堀井ほりん,山田太郎義貞,くらむぼん
更新日,2025/04/01/13:24,,,2025/03/31/22:18,,
1,■↓共通定義用↓■,,,■↓共通定義用↓■,,
2,,,,,,
3,,,,,,
4,,,,,,
5,,,,,,
6,,,,,,
7,,,,,,
8,,,,,,
9,,,,,,
10,,,,,,
11,,,,,,
12,,,,,,
13,,,,,,
14,,,,,,
15,,,,,,
16,,,,,,
17,,,,,,
18,,,,,,
19,,,,,,
20,,,,,,
21,プレイヤー移動禁止,,,プレイヤー移動禁止,,
22,【QTE】イベント開始,,,【QTE】イベント開始,,
23,【QTE】判定結果表示しない,,,【QTE】判定結果表示しない,,
24,【QTE】ボタン押下受付,,,【QTE】ボタン押下受付,,
25,,,,,,
26,タイマーカウントアップ,,,タイマーカウントアップ,,
27,タイマー非表示,,,タイマー非表示,,
28,,,,,,
29,★並列画面ずらし,,,★並列画面ずらし,,
30,★並列主人公フォーカス,,,★並列主人公フォーカス,,
31,,,,,,
32,,,,,,
33,,,,,,
34,,,,,,
35,,,,,,
36,,,,,,
37,,,,,,
38,,,,,,
39,,,,,,
40,,,,,,
41,,,,,,
42,,,,,,
43,,,,,,
44,,,,,,
45,,,,,,
46,,,,,,
47,,,,,,
48,,,,,,
49,,,,,,
50,,,,,,
51,,,,,,
52,,,,,,
53,,,,,,
54,,,,,,
55,,,,,,
56,,,,,,
57,,,,,,
58,,,,,,
59,,,,,,
60,,,,,,
61,■↓山田枠↓■,,,■↓山田枠↓■,,
62,車内縦揺れ,,,車内縦揺れ,,
63,並列停止,,,並列停止,,
64,並列開始,,,並列開始,,
65,★しゃがみフラグ,,,★しゃがみフラグ,,
66,★立ってるフラグ,,,★立ってるフラグ,,
67,マップイベ終了フラグ,,,マップイベ終了フラグ,,
68,hanyoSwitch1,,,hanyoSwitch1,,
69,hanyoSwitch2,,,hanyoSwitch2,,
70,hanyoSwitch3,,,hanyoSwitch3,,
71,hanyoSwitch4,,,hanyoSwitch4,,
72,hanyoSwitch5,,,hanyoSwitch5,,
73,ミニゲ終了フラグ,,,ミニゲ終了フラグ,,
74,２話広場開始,,,２話広場開始,,
75,コマンド移動F,,,コマンド移動F,,
76,コマンド敵選ぶF,,,コマンド敵選ぶF,,
77,コマンド味方選ぶF,,,コマンド味方選ぶF,,
78,コマンド会心一撃F,,,コマンド会心一撃F,,
79,豪遊スイッチ,,,豪遊スイッチ,,
80,操作禁止,,,操作禁止,,
81,■↓くらむぼん枠↓■,,,■↓くらむぼん枠↓■,,
82,,,,,,
83,,,,,,
84,,,,,,
85,,,,,,
86,,,,,,
87,,,,,,
88,,,,,,
89,,,,,,
90,,,,,,
91,,,,,,
92,,,,,,
93,,,,,,
94,,,,,,
95,,,,,,
96,,,,,,
97,,,,,,
98,,,,,,
99,,,,,,
100,,,,,,
101,,,,,,
102,,,,,,
103,,,,,,
104,,,,,,
105,,,,,,
106,,,,,,
107,,,,,,
108,,,,,,
109,,,,,,
110,,,,,,
111,,,,,,
112,,,,,,
113,,,,,,
114,,,,,,
115,,,,,,
116,,,,,,
117,,,,,,
118,,,,,,
119,,,,,,
120,,,,,,
121,,,,,,
122,,,,,,
123,,,,,,
124,,,,,,
125,,,,,,
126,,,,,,
127,,,,,,
128,,,,,,
129,,,,,,
130,,,,,,
131,■↓探索パート共通■,,,■↓探索パート共通■,,
132,ハッキング発動中,,,ハッキング発動中,,
133,ハッキング切替許可,,,ハッキング切替許可,,
134,,,,,,
135,相談切替許可,,,相談切替許可,,
136,相談スタート,,,相談スタート,,
137,,,,,,
138,★縦揺れシェイクに変更,,,★縦揺れシェイクに変更,,
139,アニメ逆再生,,,アニメ逆再生,,
140,ドローン切替許可,,,ドローン切替許可,,
141,【new】PC有効,,,【new】PC有効,,
142,【new】ハッキング有効,,,【new】ハッキング有効,,
143,【new】相談有効,,,【new】相談有効,,
144,【new】PC点滅,,,【new】PC点滅,,
145,【new】ハッキング点滅,,,【new】ハッキング点滅,,
146,【new】相談点滅,,,【new】相談点滅,,
147,ハッキング中映り込み非表示,,,ハッキング中映り込み非表示,,
148,選択肢背景表示,,,選択肢背景表示,,
149,,,,,,
150,,,,,,
151,■↓HIJIKI枠↓■,,,■↓HIJIKI枠↓■,,
152,部屋ザネリ調べる,,,部屋ザネリ調べる,,
153,生体スキャン,,,生体スキャン,,
154,授業後,,,授業後,,
155,階下転倒,,,階下転倒,,
156,食堂メニュー,,,食堂メニュー,,
157,階段アラート,,,階段アラート,,
158,階段アラート終了,,,階段アラート終了,,
159,食堂待った,,,食堂待った,,
160,食堂席を立つ,,,食堂席を立つ,,
161,食堂クレーム後,,,食堂クレーム後,,
162,食堂残飯終了,,,食堂残飯終了,,
163,食堂ハッキング１,,,食堂ハッキング１,,
164,食堂ハッキング後,,,食堂ハッキング後,,
165,階段停電後,,,階段停電後,,
166,廊下ロボット検知,,,廊下ロボット検知,,
167,廊下R-code,,,廊下R-code,,
168,廊下ドア開錠,,,廊下ドア開錠,,
169,部屋カレルレン通知後,,,部屋カレルレン通知後,,
170,逃走開始,,,逃走開始,,
171,階段アラートBGS_ON,,,階段アラートBGS_ON,,
172,教室前カレルレン,,,教室前カレルレン,,
173,教室前スコアダウン,,,教室前スコアダウン,,
174,教室前とびら,,,教室前とびら,,
175,教室前ハッキング後,,,教室前ハッキング後,,
176,R自律ON,,,R自律ON,,
177,R停止,,,R停止,,
178,廊下ランプOFF,,,廊下ランプOFF,,
179,食堂ハッキング絵画,,,食堂ハッキング絵画,,
180,食堂ハッキング照明,,,食堂ハッキング照明,,
181,通知宙理学ON,,,通知宙理学ON,,
182,通知授業開始ON,,,通知授業開始ON,,
183,通知食堂可ON,,,通知食堂可ON,,
184,通知食堂こちらON,,,通知食堂こちらON,,
185,通知食堂違いON,,,通知食堂違いON,,
186,通知階段警告ON,,,通知階段警告ON,,
187,通知学食時間ON,,,通知学食時間ON,,
188,通知病院からON,,,通知病院からON,,
189,授業後壁の文字,,,授業後壁の文字,,
190,食堂グラビア,,,食堂グラビア,,
191,食堂ロボ絵画57,,,食堂ロボ絵画57,,
192,食堂ロボ転んだ絵画57,,,食堂ロボ転んだ絵画57,,
193,食堂ロボ57転倒,,,食堂ロボ57転倒,,
194,食堂ロボ57転倒後,,,食堂ロボ57転倒後,,
195,食堂ロボハッキング後,,,食堂ロボハッキング後,,
196,廊下ランプON,,,廊下ランプON,,
197,廊下ランプ2ON,,,廊下ランプ2ON,,
198,廊下ランプ3ON,,,廊下ランプ3ON,,
199,廊下ランプ4ON,,,廊下ランプ4ON,,
200,食堂プライオリティ,,,食堂プライオリティ,,
201,やじるし,,,やじるし,,
202,食堂ロボ転ぶ136,,,食堂ロボ転ぶ136,,
203,食堂ロボ転んだあと136,,,食堂ロボ転んだあと136,,
204,食堂ロボ転ぶ137,,,食堂ロボ転ぶ137,,
205,食堂ロボ転んだあと137,,,食堂ロボ転んだあと137,,
206,26_並列演出,,,26_並列演出,,
207,部屋クマ,,,部屋クマ,,
208,部屋タンス,,,部屋タンス,,
209,部屋ザネリ終り,,,部屋ザネリ終り,,
210,メニュー禁止判定,,,メニュー禁止判定,,
211,逃走前ロボ出現,,,逃走前ロボ出現,,
212,階段アラート2,,,階段アラート2,,
213,階段アラート経験済,,,階段アラート経験済,,
214,最初の部屋_色調,,,最初の部屋_色調,,
215,浴場前開錠,,,浴場前開錠,,
216,大浴場OP,,,大浴場OP,,
217,大浴場Cm会話,,,大浴場Cm会話,,
218,ドローン切り替え,,,ドローン切り替え,,
219,大浴場マルソ開,,,大浴場マルソ開,,
220,大浴場破壊,,,大浴場破壊,,
221,浴場追われた,,,浴場追われた,,
222,廊下解放,,,廊下解放,,
223,ガラス破壊,,,ガラス破壊,,
224,エントランス開錠,,,エントランス開錠,,
225,一般個室会話,,,一般個室会話,,
226,ムーヴェーターOPEN,,,ムーヴェーターOPEN,,
227,【汎用】追いかけ,,,【汎用】追いかけ,,
228,【汎用】R混乱,,,【汎用】R混乱,,
229,ムーヴェーターOPEN2,,,ムーヴェーターOPEN2,,
230,ドローン,,,ドローン,,
231,ドアトラップ解除,,,ドアトラップ解除,,
232,Drone登場_R横転,,,Drone登場_R横転,,
233,階段下廊下落下,,,階段下廊下落下,,
234,【汎用】近景表示,,,【汎用】近景表示,,
235,食堂突き飛ばした,,,食堂突き飛ばした,,
236,食堂好感度,,,食堂好感度,,
237,食堂絵画ルート,,,食堂絵画ルート,,
238,浴場どろ,,,浴場どろ,,
239,メニュー見た,,,メニュー見た,,
240,ギア初回,,,ギア初回,,
241,ケイトと出かける,,,ケイトと出かける,,
242,まとめ選択肢表示,,,まとめ選択肢表示,,
243,カムパフィギュア,,,カムパフィギュア,,
244,カムパ連れてかれた,,,カムパ連れてかれた,,
245,デート-公園,,,デート-公園,,
246,デート-義体ショップ,,,デート-義体ショップ,,
247,デート-橋,,,デート-橋,,
248,ケイトタイマー,,,ケイトタイマー,,
249,ケイトタイマー完,,,ケイトタイマー完,,
250,ケイトホテルへ,,,ケイトホテルへ,,
251,■↓ほりん枠↓■,,,■↓ほりん枠↓■,,
252,★表示消去ﾌﾗｸﾞ：相談ボタン,,,★表示消去ﾌﾗｸﾞ：相談ボタン,,
253,★表示消去ﾌﾗｸﾞ：ﾊｯｷﾝｸﾞ,,,★表示消去ﾌﾗｸﾞ：ﾊｯｷﾝｸﾞ,,
254,,,,,,
255,クリーナー出現,,,クリーナー出現,,
256,回廊掃除R出現1,,,回廊掃除R出現1,,
257,ビーム２連続,,,ビーム２連続,,
258,レーザー照射(罠完走),,,レーザー照射(罠完走),,
259,回廊掃除R出現2,,,回廊掃除R出現2,,
260,R一時停止,,,R一時停止,,
261,よくも！！シェイク,,,よくも！！シェイク,,
262,マルソ去った,,,マルソ去った,,
263,ロボの死体,,,ロボの死体,,
264,星図表示,,,星図表示,,
265,２度目のR倒れる,,,２度目のR倒れる,,
266,回廊・引き返すと死ぬ,,,回廊・引き返すと死ぬ,,
267,卓上クリーナー移動開始,,,卓上クリーナー移動開始,,
268,AR教室から出た,,,AR教室から出た,,
269,談話室でスキャンした,,,談話室でスキャンした,,
270,エントランスを目指そう,,,エントランスを目指そう,,
271,エレベーター振動,,,エレベーター振動,,
272,汽車警報ループ,,,汽車警報ループ,,
273,汽車ハッキングの終り,,,汽車ハッキングの終り,,
274,カムパネルラ出た,,,カムパネルラ出た,,
275,PC自己破壊,,,PC自己破壊,,
276,イデアルハック入手後,,,イデアルハック入手後,,
277,イエハトブの寮ロック解除,,,イエハトブの寮ロック解除,,
278,祭壇のカム& BGMフェード消去,,,祭壇のカム& BGMフェード消去,,
279,祭壇のラブ,,,祭壇のラブ,,
280,仮想移住区回想おわり,,,仮想移住区回想おわり,,
281,ジョバPC,,,ジョバPC,,
282,イデアルハックせよ！,,,イデアルハックせよ！,,
283,「人間のために」,,,「人間のために」,,
284,「わたしたちのために」,,,「わたしたちのために」,,
285,「みんなのために」,,,「みんなのために」,,
286,「？」,,,「？」,,
287,虹色に色調変化,,,虹色に色調変化,,
288,イデアルハック終了,,,イデアルハック終了,,
289,ラブ慌て＆カレルレン破壊,,,ラブ慌て＆カレルレン破壊,,
290,ラブ混乱,,,ラブ混乱,,
291,巨大祭壇イベント終り,,,巨大祭壇イベント終り,,
292,カムパネルラこっちくる,,,カムパネルラこっちくる,,
293,イエハトブの部屋イベ終わり,,,イエハトブの部屋イベ終わり,,
294,ムーヴェーター解除２度目,,,ムーヴェーター解除２度目,,
295,マルソタイマー5min,,,マルソタイマー5min,,
296,マルソ本読んだ,,,マルソ本読んだ,,
297,【QTE】成否コモン,,,【QTE】成否コモン,,
298,ラブ隊長凹殴りループ,,,ラブ隊長凹殴りループ,,
299,白い煙「ついてこい」,,,白い煙「ついてこい」,,
300,汽車、光るよ。,,,汽車、光るよ。,,
301,コード接続（並列処理終わり）,,,コード接続（並列処理終わり）,,
302,ドローンで爆弾つけとく,,,ドローンで爆弾つけとく,,
303,隊員ども現る【中庭左】,,,隊員ども現る【中庭左】,,
304,ドローンhack【中庭左】,,,ドローンhack【中庭左】,,
305,ドローンhackおわり【中庭左】,,,ドローンhackおわり【中庭左】,,
306,最後通告後【エントランス前通路】,,,最後通告後【エントランス前通路】,,
307,一時スイッチ,,,一時スイッチ,,
308,,,,,,
309,BGMなしフラグ,,,BGMなしフラグ,,
310,,,,,,
311,Rチケットハッキング,,,Rチケットハッキング,,
312,ついてこい@Wiの部屋,,,ついてこい@Wiの部屋,,
313,１日目ゼロデイ開始,,,１日目ゼロデイ開始,,
314,カムパネルラ監獄イベ,,,カムパネルラ監獄イベ,,
315,カムパネルラ監獄イベおわり,,,カムパネルラ監獄イベおわり,,
316,開いたハッチ,,,開いたハッチ,,
317,,,,,,
318,並列アニメーション再生,,,並列アニメーション再生,,
319,＋（ループ）,,,＋（ループ）,,
320,★アジトのトイレ（毎日ﾘｾｯﾄ）,,,★アジトのトイレ（毎日ﾘｾｯﾄ）,,
321,（仮置き 蔦森さんPC）,,,（仮置き 蔦森さんPC）,,
322,Wiの部屋にジョバPC忘れた,,,Wiの部屋にジョバPC忘れた,,
323,（仮置き day05山田さんイベ後）,,,（仮置き day05山田さんイベ後）,,
324,（仮置き day10山田さんイベ後）,,,（仮置き day10山田さんイベ後）,,
325,（仮置き day10勝on敗off）,,,（仮置き day10勝on敗off）,,
326,,,,,,
327,Wi回転マーク差分,,,Wi回転マーク差分,,
328,,,,,,
329,DDもってこいや,,,DDもってこいや,,
330,ケイトに話しかけよう,,,ケイトに話しかけよう,,
331,輸血ミニゲーム開始,,,輸血ミニゲーム開始,,
332,輸血ミニゲーム終了,,,輸血ミニゲーム終了,,
333,お掃除ドクと話した,,,お掃除ドクと話した,,
334,おまけミニゲーム終わった後の処理,,,おまけミニゲーム終わった後の処理,,
335,ケイト着替えた,,,ケイト着替えた,,
336,（一時スイッチ）並列吹き出し,,,（一時スイッチ）並列吹き出し,,
337,おケーキの映像,,,おケーキの映像,,
338,１戦目勝利,,,１戦目勝利,,
339,診療所のwi,,,診療所のwi,,
340,診療所イベ終わり,,,診療所イベ終わり,,
341,（一時スイッチ）診療所・スプロール橋,,,（一時スイッチ）診療所・スプロール橋,,
342,診療所のスクリーン,,,診療所のスクリーン,,
343,Wiと相談した,,,Wiと相談した,,
344,Wiの隠れ家へ,,,Wiの隠れ家へ,,
345,ユナのことを知った,,,ユナのことを知った,,
346,手術モードイベント開始,,,手術モードイベント開始,,
347,(仮置き）ドク診療所ハッキング,,,(仮置き）ドク診療所ハッキング,,
348,ポスター落ちる,,,ポスター落ちる,,
349,day21診療所入る前おわり,,,day21診療所入る前おわり,,
350,,,,,,
351,■↓蔦森枠↓■,,,■↓蔦森枠↓■,,
352,メッセージ出現：ザネリ,,,メッセージ出現：ザネリ,,
353,メッセージ出現：エーミール,,,メッセージ出現：エーミール,,
354,メッセージ出現：クラーク総合病院,,,メッセージ出現：クラーク総合病院,,
355,メッセージ出現：カレルレン,,,メッセージ出現：カレルレン,,
356,メッセージ出現：カムパネルラ,,,メッセージ出現：カムパネルラ,,
357,メッセージ出現：モーリアン・アニメチャンネル,,,メッセージ出現：モーリアン・アニメチャンネル,,
358,メッセージ出現：母さん,,,メッセージ出現：母さん,,
359,メッセージ出現：◾︎◾︎◾︎,,,メッセージ出現：◾︎◾︎◾︎,,
360,メッセージ出現：Wi,,,メッセージ出現：Wi,,
361,SNS閲覧禁止：全体連絡,,,SNS閲覧禁止：全体連絡,,
362,SNS閲覧禁止：NEWS,,,SNS閲覧禁止：NEWS,,
363,SNS閲覧禁止：学校案内,,,SNS閲覧禁止：学校案内,,
364,SNS閲覧禁止：カムパネルラ,,,SNS閲覧禁止：カムパネルラ,,
365,SNS閲覧禁止：記号,,,SNS閲覧禁止：記号,,
366,SNS閲覧禁止：エーミール,,,SNS閲覧禁止：エーミール,,
367,SNS閲覧禁止：雑談,,,SNS閲覧禁止：雑談,,
368,SNS閲覧禁止：授業,,,SNS閲覧禁止：授業,,
369,SNS閲覧禁止：クラスチャンネル,,,SNS閲覧禁止：クラスチャンネル,,
370,SNS閲覧禁止：臭いアイツ以外,,,SNS閲覧禁止：臭いアイツ以外,,
371,SNS閲覧禁止：ダークウェブ,,,SNS閲覧禁止：ダークウェブ,,
372,ダークウェブパスワード入力不要,,,ダークウェブパスワード入力不要,,
373,カレルレン乗っ取り,,,カレルレン乗っ取り,,
374,メッセージ出現：■□■■,,,メッセージ出現：■□■■,,
375,メッセージ出現：ケイト,,,メッセージ出現：ケイト,,
376,メッセージ出現：ドク,,,メッセージ出現：ドク,,
377,メッセージ出現：ラビ,,,メッセージ出現：ラビ,,
378,メッセージ出現：一時チャット,,,メッセージ出現：一時チャット,,
379,メッセージ出現：ユミ,,,メッセージ出現：ユミ,,
380,メッセージ出現：マーク,,,メッセージ出現：マーク,,
381,PC初期化完了,,,PC初期化完了,,
382,病院_送金ボタン_1,,,病院_送金ボタン_1,,
383,病院_送金失敗,,,病院_送金失敗,,
384,エーミール校歌聞いた,,,エーミール校歌聞いた,,
385,エーミール校歌選択肢,,,エーミール校歌選択肢,,
386,素敵な歌声ですね,,,素敵な歌声ですね,,
387,あまりにもひどい音程です,,,あまりにもひどい音程です,,
388,エーミール返信1,,,エーミール返信1,,
389,エーミール返信2,,,エーミール返信2,,
390,ザネリのメッセージを見た,,,ザネリのメッセージを見た,,
391,カレルレン選択肢_1_0,,,カレルレン選択肢_1_0,,
392,カレルレン選択肢_1_1,,,カレルレン選択肢_1_1,,
393,カレルレン選択肢_1_2,,,カレルレン選択肢_1_2,,
394,カレルレン選択肢_1_3,,,カレルレン選択肢_1_3,,
395,カレルレン選択肢_1_4,,,カレルレン選択肢_1_4,,
396,カレルレン選択肢_1_5,,,カレルレン選択肢_1_5,,
397,カレルレン選択肢_1_6,,,カレルレン選択肢_1_6,,
398,カレルレン選択肢_1_7,,,カレルレン選択肢_1_7,,
399,カレルレン選択肢_1_8,,,カレルレン選択肢_1_8,,
400,カレルレン選択肢_1_9,,,カレルレン選択肢_1_9,,
401,カレルレン選択肢_1_10,,,カレルレン選択肢_1_10,,
402,カレルレン選択肢_1_11,,,カレルレン選択肢_1_11,,
403,カレルレン選択肢_1_12,,,カレルレン選択肢_1_12,,
404,カレルレン選択肢_1_13,,,カレルレン選択肢_1_13,,
405,カレルレン選択肢_1_14,,,カレルレン選択肢_1_14,,
406,カレルレン選択肢_1_15,,,カレルレン選択肢_1_15,,
407,カレルレン選択肢_1_16,,,カレルレン選択肢_1_16,,
408,カレルレン選択肢_1_17,,,カレルレン選択肢_1_17,,
409,カレルレン選択肢_1_18,,,カレルレン選択肢_1_18,,
410,カレルレン選択肢_1_19,,,カレルレン選択肢_1_19,,
411,カレルレン選択肢_1_20,,,カレルレン選択肢_1_20,,
412,カレルレン選択肢_1_21,,,カレルレン選択肢_1_21,,
413,ダークウェブ確認,,,ダークウェブ確認,,
414,監視カメラRwords入手,,,監視カメラRwords入手,,
415,監視カメラHackクリア,,,監視カメラHackクリア,,
416,ムーヴェーター前通知_エーミール_表示,,,ムーヴェーター前通知_エーミール_表示,,
417,病院メッセージ見た_1,,,病院メッセージ見た_1,,
418,カレルレン侵入依頼見た_1,,,カレルレン侵入依頼見た_1,,
419,病院メッセージ見た_2,,,病院メッセージ見た_2,,
420,病院_送金ボタン_2,,,病院_送金ボタン_2,,
421,病院_送金失敗_2,,,病院_送金失敗_2,,
422,カレルレン侵入依頼見た_2,,,カレルレン侵入依頼見た_2,,
423,カレルレン侵入依頼見た_3,,,カレルレン侵入依頼見た_3,,
424,カレルレンRwords入手,,,カレルレンRwords入手,,
425,カレルレンHackクリア,,,カレルレンHackクリア,,
426,逃走前PCイベント開始,,,逃走前PCイベント開始,,
427,カレルレン通知_授業,,,カレルレン通知_授業,,
428,カレルレン通知_1分,,,カレルレン通知_1分,,
429,カレルレン通知_食堂,,,カレルレン通知_食堂,,
430,カレルレン通知_通路,,,カレルレン通知_通路,,
431,カレルレン通知_通路ミス,,,カレルレン通知_通路ミス,,
432,カレルレン通知_通路ミス_メッセージ表示,,,カレルレン通知_通路ミス_メッセージ表示,,
433,カレルレン通知_階段,,,カレルレン通知_階段,,
434,病院_お知らせフラグ,,,病院_お知らせフラグ,,
435,オープニング２開始,,,オープニング２開始,,
436,OP_SNS_1,,,OP_SNS_1,,
437,OP_SNS_2,,,OP_SNS_2,,
438,エーミール通知_シャツ,,,エーミール通知_シャツ,,
439,PCパート開始_フォト,,,PCパート開始_フォト,,
440,逃走開始,,,逃走開始,,
441,監視カメラ返信_1_出現,,,監視カメラ返信_1_出現,,
442,監視カメラ返信_1_完了,,,監視カメラ返信_1_完了,,
443,OP_SNS_3,,,OP_SNS_3,,
444,カレルレン通知_階段_メッセージ表示,,,カレルレン通知_階段_メッセージ表示,,
445,イエハトブPC起動した,,,イエハトブPC起動した,,
446,イエハトブRcode入手,,,イエハトブRcode入手,,
447,ムーヴェーター前通知_病院,,,ムーヴェーター前通知_病院,,
448,ムーヴェーター前通知_病院_表示,,,ムーヴェーター前通知_病院_表示,,
449,ムーヴェーター前通知_カレルレン,,,ムーヴェーター前通知_カレルレン,,
450,ムーヴェーター前通知_カレルレン_表示,,,ムーヴェーター前通知_カレルレン_表示,,
451,イエハトブHackクリア,,,イエハトブHackクリア,,
452,父より続き読んだ,,,父より続き読んだ,,
453,イデアルハック前イベント開始フラグ,,,イデアルハック前イベント開始フラグ,,
454,イデアルハック前イベント終了,,,イデアルハック前イベント終了,,
455,イデアルハック後カレルレン通知,,,イデアルハック後カレルレン通知,,
456,イデアルハック後カレルレン通知_表示,,,イデアルハック後カレルレン通知_表示,,
457,銀河鉄道Hackクリア,,,銀河鉄道Hackクリア,,
458,エーミール通知_大丈夫か？,,,エーミール通知_大丈夫か？,,
459,エーミール閲覧_大丈夫か？,,,エーミール閲覧_大丈夫か？,,
460,カレルレン通知_エントランスホール,,,カレルレン通知_エントランスホール,,
461,1話ED_ママホラーイベント開始,,,1話ED_ママホラーイベント開始,,
462,イエハトブPW試した,,,イエハトブPW試した,,
463,イエハトブヒント見た,,,イエハトブヒント見た,,
464,カレルレン通知_エントランス終了,,,カレルレン通知_エントランス終了,,
465,イエハトブパスワード成功,,,イエハトブパスワード成功,,
466,R用通路カレルレン通知_1,,,R用通路カレルレン通知_1,,
467,R用通路カレルレン通知_1_表示,,,R用通路カレルレン通知_1_表示,,
468,R用通路カレルレン通知_2,,,R用通路カレルレン通知_2,,
469,R用通路カレルレン通知_2_表示,,,R用通路カレルレン通知_2_表示,,
470,R用通路カレルレン通知_3,,,R用通路カレルレン通知_3,,
471,R用通路カレルレン通知_3_表示,,,R用通路カレルレン通知_3_表示,,
472,R用通路カレルレン通知_4,,,R用通路カレルレン通知_4,,
473,R用通路カレルレン通知_4_表示,,,R用通路カレルレン通知_4_表示,,
474,1話ED_ママホラーイベント実行中,,,1話ED_ママホラーイベント実行中,,
475,フィルの名前を見た,,,フィルの名前を見た,,
476,ムーヴェーター内通知_カレルレン,,,ムーヴェーター内通知_カレルレン,,
477,ムーヴェーター内通知_カレルレン_表示,,,ムーヴェーター内通知_カレルレン_表示,,
478,学生証消えた,,,学生証消えた,,
479,1話ED_ママホラーイベント終了,,,1話ED_ママホラーイベント終了,,
480,ムーヴェーター内通知_エーミール,,,ムーヴェーター内通知_エーミール,,
481,PCパート映り込み非表示フラグ,,,PCパート映り込み非表示フラグ,,
482,ドローン終了時、その場に残す,,,ドローン終了時、その場に残す,,
483,ミニゲーム実行中,,,ミニゲーム実行中,,
484,2話開始,,,2話開始,,
485,ダークウェブアイコン表示,,,ダークウェブアイコン表示,,
486,イエハトブ_思い出フォルダ開いた,,,イエハトブ_思い出フォルダ開いた,,
487,イエハトブ_イデアルハック出現,,,イエハトブ_イデアルハック出現,,
488,◾︎◾︎◾︎通知_1,,,◾︎◾︎◾︎通知_1,,
489,◾︎◾︎◾︎通知_1_表示,,,◾︎◾︎◾︎通知_1_表示,,
490,■□■■通知_1_見た,,,■□■■通知_1_見た,,
491,◾︎◾︎◾︎通知_2_見た,,,◾︎◾︎◾︎通知_2_見た,,
492,2話_2開始,,,2話_2開始,,
493,◾︎◾︎◾︎通知_1_画像見た,,,◾︎◾︎◾︎通知_1_画像見た,,
494,モーリー銅像Hackクリア,,,モーリー銅像Hackクリア,,
495,スニファーHackクリア,,,スニファーHackクリア,,
496,ゼロデイHackクリア,,,ゼロデイHackクリア,,
497,ゼロデイHack失敗,,,ゼロデイHack失敗,,
498,Wi通知_3,,,Wi通知_3,,
499,Wi通知_表示_3,,,Wi通知_表示_3,,
500,■↑蔦森↓飛田枠■,,,■↑蔦森↓飛田枠■,,
501,ジョバンニ固定用,,,ジョバンニ固定用,,
502,浴場R倒した,,,浴場R倒した,,
503,イグニウム説明読んだ,,,イグニウム説明読んだ,,
504,大浴場引き寄せ,,,大浴場引き寄せ,,
505,引き寄せ掃除R出現,,,引き寄せ掃除R出現,,
506,浴場廊下イベ後,,,浴場廊下イベ後,,
507,ラブ落ちる,,,ラブ落ちる,,
508,[不可]車内PC開いた,,,[不可]車内PC開いた,,
509,[不可]車内ゼロデイ,,,[不可]車内ゼロデイ,,
510,車内行先,,,車内行先,,
511,車内ゼロデイ,,,車内ゼロデイ,,
512,車内PC開いた,,,車内PC開いた,,
513,一時スイッチかいだこ,,,一時スイッチかいだこ,,
514,3301固定,,,3301固定,,
515,[使用不可],,,[使用不可],,
516,ゼロデイリビングトイレ,,,ゼロデイリビングトイレ,,
517,,,,,,
518,,,,,,
519,,,,,,
520,,,,,,
521,2nd2ho268,,,2nd2ho268,,
522,2nd2ho269,,,2nd2ho269,,
523,2nd2ho270,,,2nd2ho270,,
524,2nd2ho275,,,2nd2ho275,,
525,2nd2ho276,,,2nd2ho276,,
526,2nd2ho277,,,2nd2ho277,,
527,2nd2ho271,,,2nd2ho271,,
528,2nd2ho272,,,2nd2ho272,,
529,2nd2ho273,,,2nd2ho273,,
530,2nd2ho274,,,2nd2ho274,,
531,2nd2ho278,,,2nd2ho278,,
532,2nd2ho279,,,2nd2ho279,,
533,2nd2ho280,,,2nd2ho280,,
534,2nd2ho282,,,2nd2ho282,,
535,2nd2ho283,,,2nd2ho283,,
536,2nd2ho284,,,2nd2ho284,,
537,2nd2ho285,,,2nd2ho285,,
538,2nd2ho286,,,2nd2ho286,,
539,2nd2ho287,,,2nd2ho287,,
540,2nd2ho288,,,2nd2ho288,,
541,2nd2ho289,,,2nd2ho289,,
542,2nd2ho291,,,2nd2ho291,,
543,2nd2ho292,,,2nd2ho292,,
544,2nd2ho293,,,2nd2ho293,,
545,2nd2ho294,,,2nd2ho294,,
546,2nd2ho295,,,2nd2ho295,,
547,2nd2ho296,,,2nd2ho296,,
548,2nd2ho297,,,2nd2ho297,,
549,2nd2ho298,,,2nd2ho298,,
550,■↑飛田↓HIJIKI枠■,,,■↑飛田↓HIJIKI枠■,,
551,ケイトホテルへ2,,,ケイトホテルへ2,,
552,【ゼニー1】闇バイト,,,【ゼニー1】闇バイト,,
553,,,,,,
554,,,,,,
555,,,,,,
556,,,,,,
557,,,,,,
558,,,,,,
559,,,,,,
560,,,,,,
561,,,,,,
562,,,,,,
563,,,,,,
564,,,,,,
565,,,,,,
566,,,,,,
567,,,,,,
568,,,,,,
569,,,,,,
570,,,,,,
571,,,,,,
572,,,,,,
573,,,,,,
574,,,,,,
575,,,,,,
576,,,,,,
577,,,,,,
578,,,,,,
579,,,,,,
580,,,,,,
581,,,,,,
582,,,,,,
583,,,,,,
584,,,,,,
585,,,,,,
586,,,,,,
587,,,,,,
588,,,,,,
589,,,,,,
590,,,,,,
591,,,,,,
592,,,,,,
593,,,,,,
594,,,,,,
595,,,,,,
596,,,,,,
597,,,,,,
598,,,,,,
599,,,,,,
600,,,,,,
601,,,,,,
602,,,,,,
603,,,,,,
604,,,,,,
605,,,,,,
606,,,,,,
607,,,,,,
608,,,,,,
609,,,,,,
610,,,,,,
611,,,,,,
612,,,,,,
613,,,,,,
614,,,,,,
615,,,,,,
616,,,,,,
617,,,,,,
618,,,,,,
619,,,,,,
620,,,,,,
621,,,,,,
622,,,,,,
623,,,,,,
624,,,,,,
625,,,,,,
626,,,,,,
627,,,,,,
628,,,,,,
629,,,,,,
630,,,,,,
631,,,,,,
632,,,,,,
633,,,,,,
634,,,,,,
635,,,,,,
636,,,,,,
637,,,,,,
638,,,,,,
639,,,,,,
640,,,,,,
641,,,,,,
642,,,,,,
643,,,,,,
644,,,,,,
645,,,,,,
646,,,,,,
647,,,,,,
648,,,,,,
649,,,,,,
650,,,,,,
651,■↓蔦森枠↓■,,,■↓蔦森枠↓■,,
652,hijiki_tsuika01,,,hijiki_tsuika01,,
653,hijiki_tsuika04,,,hijiki_tsuika04,,
654,hijiki_tsuika06,,,hijiki_tsuika06,,
655,hijiki_tsuika07,,,hijiki_tsuika07,,
656,hijiki_tsuika08,,,hijiki_tsuika08,,
657,hijiki_tsuika09,,,hijiki_tsuika09,,
658,hijiki_tsuika10,,,hijiki_tsuika10,,
659,hijiki_tsuika11,,,hijiki_tsuika11,,
660,hijiki_tsuika12,,,hijiki_tsuika12,,
661,hijiki_tsuika13,,,hijiki_tsuika13,,
662,hijiki_tsuika14,,,hijiki_tsuika14,,
663,hijiki_tsuika15,,,hijiki_tsuika15,,
664,hijiki_tsuika17,,,hijiki_tsuika17,,
665,hijiki_tsuika18,,,hijiki_tsuika18,,
666,hijiki_tsuika19,,,hijiki_tsuika19,,
667,hijiki_tsuika20,,,hijiki_tsuika20,,
668,hijiki_tsuika21,,,hijiki_tsuika21,,
669,Wi通知_4,,,Wi通知_4,,
670,Wi通知_表示_4,,,Wi通知_表示_4,,
671,ケイト通知_1,,,ケイト通知_1,,
672,ケイト通知_表示_1,,,ケイト通知_表示_1,,
673,ムーヴェーター侵入試した,,,ムーヴェーター侵入試した,,
674,hijiki_tsuika22,,,hijiki_tsuika22,,
675,hijiki_tsuika23,,,hijiki_tsuika23,,
676,hijiki_tsuika24,,,hijiki_tsuika24,,
677,hijiki_tsuika25,,,hijiki_tsuika25,,
678,hijiki_tsuika26,,,hijiki_tsuika26,,
679,豪遊タイマー表示,,,豪遊タイマー表示,,
680,hijiki_tsuika27,,,hijiki_tsuika27,,
681,hijiki_tsuika28,,,hijiki_tsuika28,,
682,hijiki_tsuika29,,,hijiki_tsuika29,,
683,hijiki_tsuika30,,,hijiki_tsuika30,,
684,hijiki_tsuika31,,,hijiki_tsuika31,,
685,hijiki_tsuika32,,,hijiki_tsuika32,,
686,hijiki_tsuika33,,,hijiki_tsuika33,,
687,hijiki_tsuika34,,,hijiki_tsuika34,,
688,hijiki_tsuika35,,,hijiki_tsuika35,,
689,hijiki_tsuika36,,,hijiki_tsuika36,,
690,hijiki_tsuika37,,,hijiki_tsuika37,,
691,hijiki_tsuika38,,,hijiki_tsuika38,,
692,hijiki_tsuika39,,,hijiki_tsuika39,,
693,hijiki_tsuika40,,,hijiki_tsuika40,,
694,hijiki_tsuika41,,,hijiki_tsuika41,,
695,市民PCクリア,,,市民PCクリア,,
696,マルソ父PCパス突破,,,マルソ父PCパス突破,,
697,ゴキブリHackクリア,,,ゴキブリHackクリア,,
698,hijiki_tsuika45,,,hijiki_tsuika45,,
699,hijiki_tsuika46,,,hijiki_tsuika46,,
700,hijiki_tsuika47,,,hijiki_tsuika47,,
701,hijiki_tsuika48,,,hijiki_tsuika48,,
702,hijiki_tsuika49,,,hijiki_tsuika49,,
703,hijiki_tsuika50,,,hijiki_tsuika50,,
704,hijiki_tsuika51,,,hijiki_tsuika51,,
705,hijiki_tsuika52,,,hijiki_tsuika52,,
706,hijiki_tsuika53,,,hijiki_tsuika53,,
707,市民PC_2クリア,,,市民PC_2クリア,,
708,SNS閲覧禁止：メカニカルフォレスト3鑑賞会,,,SNS閲覧禁止：メカニカルフォレスト3鑑賞会,,
709,デジタル数字Hackクリア,,,デジタル数字Hackクリア,,
710,挑戦状Hackクリア,,,挑戦状Hackクリア,,
711,一時チャット_Wi_1,,,一時チャット_Wi_1,,
712,一時チャット_Wi_2,,,一時チャット_Wi_2,,
713,2話_3開始,,,2話_3開始,,
714,2話_4開始,,,2話_4開始,,
715,ケイトホテル選択肢１,,,ケイトホテル選択肢１,,
716,ケイトホテル選択肢２,,,ケイトホテル選択肢２,,
717,ケイト飛ぶモノローグ見た,,,ケイト飛ぶモノローグ見た,,
718,Wi通知_5,,,Wi通知_5,,
719,Wi通知_表示_5,,,Wi通知_表示_5,,
720,市民PC_3クリア,,,市民PC_3クリア,,
721,2話_5開始,,,2話_5開始,,
722,Wi通知_6,,,Wi通知_6,,
723,Wi通知_表示_6,,,Wi通知_表示_6,,
724,通話Hackクリア,,,通話Hackクリア,,
725,2話_6開始,,,2話_6開始,,
726,2話_5_OP開始,,,2話_5_OP開始,,
727,ユミ通知_1,,,ユミ通知_1,,
728,ユミ通知_表示_1,,,ユミ通知_表示_1,,
729,ドク通知_1,,,ドク通知_1,,
730,ドク通知_表示_1,,,ドク通知_表示_1,,
731,ドク通知_2,,,ドク通知_2,,
732,ドク通知_表示_2,,,ドク通知_表示_2,,
733,ケイト通知_3,,,ケイト通知_3,,
734,ケイト通知_表示_3,,,ケイト通知_表示_3,,
735,ドク通知_3,,,ドク通知_3,,
736,ドク通知_表示_3,,,ドク通知_表示_3,,
737,ドク通知_3_返信ボタン,,,ドク通知_3_返信ボタン,,
738,hijiki_tsuika54,,,hijiki_tsuika54,,
739,hijiki_tsuika55,,,hijiki_tsuika55,,
740,hijiki_tsuika56,,,hijiki_tsuika56,,
741,hijiki_tsuika57,,,hijiki_tsuika57,,
742,hijiki_tsuika58,,,hijiki_tsuika58,,
743,hijiki_tsuika59,,,hijiki_tsuika59,,
744,hijiki_tsuika60,,,hijiki_tsuika60,,
745,hijiki_tsuika61,,,hijiki_tsuika61,,
746,イデアルハック許可,,,イデアルハック許可,,
747,イデアルハック演出終了,,,イデアルハック演出終了,,
748,2話_7開始,,,2話_7開始,,
749,2話_8開始,,,2話_8開始,,
750,ラビからカードもらった,,,ラビからカードもらった,,
751,レアカードが当たった,,,レアカードが当たった,,
752,ゼロデイカードフォルダ開く,,,ゼロデイカードフォルダ開く,,
753,ドリーマー入手,,,ドリーマー入手,,
754,読め.txt読んだ,,,読め.txt読んだ,,
755,創始者より.txt読んだ,,,創始者より.txt読んだ,,
756,Wi端末Hackクリア,,,Wi端末Hackクリア,,
757,2話_9開始,,,2話_9開始,,
758,ラブHackクリア,,,ラブHackクリア,,
759,2話_10開始,,,2話_10開始,,
760,ラビメッセージ終了,,,ラビメッセージ終了,,
761,イデアルハック許可_2,,,イデアルハック許可_2,,
762,イデアルハック演出終了_2,,,イデアルハック演出終了_2,,
763,マーク選択肢出現,,,マーク選択肢出現,,
764,マークチャット終了,,,マークチャット終了,,
765,マークチャット_選択1,,,マークチャット_選択1,,
766,マークチャット_選択2,,,マークチャット_選択2,,
767,マークチャット_選択3,,,マークチャット_選択3,,
768,マークチャット_選択4,,,マークチャット_選択4,,
769,モーリィHackクリア,,,モーリィHackクリア,,
770,3話_1開始,,,3話_1開始,,
771,マークチャット_選択0,,,,,
772,,,,,,
773,,,,,,
774,,,,,,
775,,,,,,
776,,,,,,
777,,,,,,
778,,,,,,
779,,,,,,
780,,,,,,
781,,,,,,
782,,,,,,
783,,,,,,
784,,,,,,
785,,,,,,
786,,,,,,
787,,,,,,
788,,,,,,
789,,,,,,
790,,,,,,
791,,,,,,
792,,,,,,
793,,,,,,
794,,,,,,
795,,,,,,
796,,,,,,
797,,,,,,
798,,,,,,
799,,,,,,
800,,,,,,
801,,,,,,
802,,,,,,
803,,,,,,
804,,,,,,
805,,,,,,
806,,,,,,
807,,,,,,
808,,,,,,
809,,,,,,
810,,,,,,
811,,,,,,
812,,,,,,
813,,,,,,
814,,,,,,
815,,,,,,
816,,,,,,
817,,,,,,
818,,,,,,
819,,,,,,
820,,,,,,
821,,,,,,
822,,,,,,
823,,,,,,
824,,,,,,
825,,,,,,
826,,,,,,
827,,,,,,
828,,,,,,
829,,,,,,
830,,,,,,
831,,,,,,
832,,,,,,
833,,,,,,
834,,,,,,
835,,,,,,
836,,,,,,
837,,,,,,
838,,,,,,
839,,,,,,
840,,,,,,
841,,,,,,
842,,,,,,
843,,,,,,
844,,,,,,
845,,,,,,
846,,,,,,
847,,,,,,
848,,,,,,
849,,,,,,
850,■↑蔦森枠↓かいだこ,,,■↑蔦森枠↓かいだこ,,
851,2nd2ho300,,,2nd2ho300,,
852,2nd2ho302,,,2nd2ho302,,
853,2nd2ho303,,,2nd2ho303,,
854,2nd2ho304,,,2nd2ho304,,
855,2nd2ho306,,,2nd2ho306,,
856,2nd2ho307,,,2nd2ho307,,
857,2nd2ho308,,,2nd2ho308,,
858,2nd2ho309,,,2nd2ho309,,
859,2nd2ho311,,,2nd2ho311,,
860,2nd2ho266,,,2nd2ho266,,
861,,,,,,
862,,,,,,
863,,,,,,
864,,,,,,
865,,,,,,
866,,,,,,
867,,,,,,
868,,,,,,
869,,,,,,
870,,,,,,
871,,,,,,
872,,,,,,
873,,,,,,
874,,,,,,
875,,,,,,
876,,,,,,
877,,,,,,
878,,,,,,
879,,,,,,
880,,,,,,
881,,,,,,
882,,,,,,
883,,,,,,
884,,,,,,
885,,,,,,
886,,,,,,
887,,,,,,
888,,,,,,
889,,,,,,
890,,,,,,
891,,,,,,
892,,,,,,
893,,,,,,
894,,,,,,
895,,,,,,
896,,,,,,
897,,,,,,
898,,,,,,
899,,,,,,
900,,,,,,
901,■↓山田枠↓■,,,■↓山田枠↓■,,
902,型抜き不動ON,,,型抜き不動ON,,
903,ギブアップあり,,,ギブアップあり,,
904,敵一時flugA,,,敵一時flugA,,
905,ダメージフラグ,,,ダメージフラグ,,
906,弾フェーズ,,,弾フェーズ,,
907,ダッシュ,,,ダッシュ,,
908,一時停止,,,一時停止,,
909,マウス押しフラグ,,,マウス押しフラグ,,
910,ボス無敵フラグ,,,ボス無敵フラグ,,
911,,,,,,
912,,,,,,
913,,,,,,
914,,,,,,
915,,,,,,
916,,,,,,
917,,,,,,
918,,,,,,
919,,,,,,
920,,,,,,
921,,,,,,
922,,,,,,
923,,,,,,
924,,,,,,
925,,,,,,
926,,,,,,
927,,,,,,
928,,,,,,
929,,,,,,
930,,,,,,
931,,,,,,
932,,,,,,
933,,,,,,
934,,,,,,
935,,,,,,
936,,,,,,
937,,,,,,
938,,,,,,
939,,,,,,
940,,,,,,
941,,,,,,
942,,,,,,
943,,,,,,
944,,,,,,
945,,,,,,
946,,,,,,
947,,,,,,
948,,,,,,
949,,,,,,
950,■↑山田枠↑■↓ほりん枠↓,,,■↑山田枠↑■↓ほりん枠↓,,
951,day15_554,,,day15_554,,
952,day15_555,,,day15_555,,
953,day15_556,,,day15_556,,
954,day15_557,,,day15_557,,
955,day15_558,,,day15_558,,
956,day15_559,,,day15_559,,
957,day15_560,,,day15_560,,
958,↓宴だァ～っ！！！↓,,,↓宴だァ～っ！！！↓,,
959,Wi,,,Wi,,
960,ケイト,,,ケイト,,
961,ドク,,,ドク,,
962,スニファー,,,スニファー,,
963,ユミ,,,ユミ,,
964,ラビ,,,ラビ,,
965,↑宴、全員に話しかけた,,,↑宴、全員に話しかけた,,
966,飯食った,,,飯食った,,
967,イデアルハック前（day21,,,イデアルハック前（day21,,
968,ピンクナースR K.D.（day21,,,ピンクナースR K.D.（day21,,
969,黒ナースR K.D.（day21,,,黒ナースR K.D.（day21,,
970,Wi脱いだパーカー,,,Wi脱いだパーカー,,
971,--22日目--,,,--22日目--,,
972,スプ4に行ける,,,スプ4に行ける,,
973,RED保育士を殺害,,,RED保育士を殺害,,
974,スプ４スニーキング開始,,,スプ４スニーキング開始,,
975,保育士死亡,,,保育士死亡,,
976,負傷ドク,,,負傷ドク,,
977,day22カムパネルラと合流,,,day22カムパネルラと合流,,
978,day22ムーベーター,,,day22ムーベーター,,
979,NO PHOTO,,,NO PHOTO,,
980,町を見てくる,,,町を見てくる,,
981,ユミと合流,,,ユミと合流,,
982,WiPC破壊した,,,WiPC破壊した,,
983,掃除Rおちてくる,,,掃除Rおちてくる,,
984,掃除Rおちてくる2,,,掃除Rおちてくる2,,
985,ユミ・ネルラ,,,ユミ・ネルラ,,
986,ケイトスクリーン,,,ケイトスクリーン,,
987,デイブR生きてた,,,デイブR生きてた,,
988,ジョバンニ見つかった,,,ジョバンニ見つかった,,
989,デイブRhackした,,,デイブRhackした,,
990,day22_add16,,,day22_add16,,
991,day22_add17,,,day22_add17,,
992,防衛線デイブRhack,,,防衛線デイブRhack,,
993,ビーム！！！！！,,,ビーム！！！！！,,
994,ケイト死んだ,,,ケイト死んだ,,
995,ハート扉こじあけ,,,ハート扉こじあけ,,
996,モーリィあらわる,,,モーリィあらわる,,
997,REDあらわる,,,REDあらわる,,
998,モーリィモニター,,,モーリィモニター,,
999,手と追いかけっこ,,,手と追いかけっこ,,
1000,銅像破壊した,,,銅像破壊した,,
1001,さあピンク扉ハックするぞ,,,さあピンク扉ハックするぞ,,
1002,REDパレードマップへ,,,REDパレードマップへ,,
1003,並列シェイク,,,並列シェイク,,
1004,並列シェイク強く,,,並列シェイク強く,,
1005,いきなり現れるRED,,,いきなり現れるRED,,
1006,hack進行時ウェイトしない,,,hack進行時ウェイトしない,,
1007,ラブ、ボロボロだね,,,ラブ、ボロボロだね,,
1008,ハートドア破壊,,,ハートドア破壊,,
1009,IHを仕掛けよう,,,IHを仕掛けよう,,
1010,一斉に手になるよ,,,一斉に手になるよ,,
1011,デイヴ手変身ショート,,,デイヴ手変身ショート,,
1012,（並列）サイレン,,,（並列）サイレン,,
1013,ラビとスニファー登場,,,ラビとスニファー登場,,
1014,(並列)退避しておく,,,(並列)退避しておく,,
1015,（並列）大音量,,,（並列）大音量,,
1016,TURN_ON_THE_ENCRYPETR,,,TURN_ON_THE_ENCRYPETR,,
1017,LOVE歩かせた,,,LOVE歩かせた,,
1018,LOVEジャンプさせた,,,LOVEジャンプさせた,,
1019,LOVE回らせた,,,LOVE回らせた,,
1020,LOVE発砲させた,,,LOVE発砲させた,,
1021,ドリーマー起動,,,ドリーマー起動,,
1022,マークたくさんいる,,,マークたくさんいる,,
1023,,,,,,
1024,,,,,,
1025,,,,,,
1026,,,,,,
1027,,,,,,
1028,,,,,,
1029,,,,,,
1030,,,,,,
1031,,,,,,
1032,,,,,,
1033,,,,,,
1034,,,,,,
1035,,,,,,
1036,,,,,,
1037,,,,,,
1038,,,,,,
1039,,,,,,
1040,,,,,,
1041,,,,,,
1042,,,,,,
1043,,,,,,
1044,,,,,,
1045,,,,,,
1046,,,,,,
1047,,,,,,
1048,,,,,,
1049,,,,,,
1050,,,,,,
1051,,,,,,
1052,,,,,,
1053,,,,,,
1054,,,,,,
1055,,,,,,
1056,,,,,,
1057,,,,,,
1058,,,,,,
1059,,,,,,
1060,,,,,,
1061,,,,,,
1062,,,,,,
1063,,,,,,
1064,,,,,,
1065,,,,,,
1066,,,,,,
1067,,,,,,
1068,,,,,,
1069,,,,,,
1070,,,,,,
1071,,,,,,
1072,,,,,,
1073,,,,,,
1074,,,,,,
1075,,,,,,
1076,,,,,,
1077,,,,,,
1078,,,,,,
1079,,,,,,
1080,,,,,,
1081,,,,,,
1082,,,,,,
1083,,,,,,
1084,,,,,,
1085,,,,,,
1086,,,,,,
1087,,,,,,
1088,,,,,,
1089,,,,,,
1090,,,,,,
1091,,,,,,
1092,,,,,,
1093,,,,,,
1094,,,,,,
1095,,,,,,
1096,,,,,,
1097,,,,,,
1098,,,,,,
1099,,,,,,
1100,,,,,,
1101,ダイナミックズーム切り替え,,,ダイナミックズーム切り替え,,
1102,,,,,,
1103,,,,,,
1104,,,,,,
1105,,,,,,
1106,,,,,,
1107,,,,,,
1108,,,,,,
1109,,,,,,
1110,,,,,,
1111,,,,,,
1112,,,,,,
1113,,,,,,
1114,,,,,,
1115,,,,,,
1116,,,,,,
1117,,,,,,
1118,,,,,,
1119,,,,,,
1120,,,,,,
1121,,,,,,
1122,,,,,,
1123,,,,,,
1124,,,,,,
1125,,,,,,
1126,,,,,,
1127,,,,,,
1128,,,,,,
1129,,,,,,
1130,,,,,,
1131,,,,,,
1132,,,,,,
1133,,,,,,
1134,,,,,,
1135,,,,,,
1136,,,,,,
1137,,,,,,
1138,,,,,,
1139,,,,,,
1140,,,,,,
1141,,,,,,
1142,,,,,,
1143,,,,,,
1144,,,,,,
1145,,,,,,
1146,,,,,,
1147,,,,,,
1148,,,,,,
1149,,,,,,
1150,,,,,,
1151,,,,,,
1152,,,,,,
1153,,,,,,
1154,,,,,,
1155,,,,,,
1156,,,,,,
1157,,,,,,
1158,,,,,,
1159,,,,,,
1160,,,,,,
1161,,,,,,
1162,,,,,,
1163,,,,,,
1164,,,,,,
1165,,,,,,
1166,,,,,,
1167,,,,,,
1168,,,,,,
1169,,,,,,
1170,,,,,,
1171,,,,,,
1172,,,,,,
1173,,,,,,
1174,,,,,,
1175,,,,,,
1176,,,,,,
1177,,,,,,
1178,,,,,,
1179,,,,,,
1180,,,,,,
1181,,,,,,
1182,,,,,,
1183,,,,,,
1184,,,,,,
1185,,,,,,
1186,,,,,,
1187,,,,,,
1188,,,,,,
1189,,,,,,
1190,,,,,,
1191,,,,,,
1192,,,,,,
1193,,,,,,
1194,,,,,,
1195,,,,,,
1196,,,,,,
1197,,,,,,
1198,,,,,,
1199,,,,,,
1200,,,,,,
1201,,,,,,
1202,,,,,,
1203,,,,,,
1204,,,,,,
1205,,,,,,
1206,,,,,,
1207,,,,,,
1208,,,,,,
1209,,,,,,
1210,,,,,,
1211,,,,,,
1212,,,,,,
1213,,,,,,
1214,,,,,,
1215,,,,,,
1216,,,,,,
1217,,,,,,
1218,,,,,,
1219,,,,,,
1220,,,,,,
1221,,,,,,
1222,,,,,,
1223,,,,,,
1224,,,,,,
1225,,,,,,
1226,,,,,,
1227,,,,,,
1228,,,,,,
1229,,,,,,
1230,,,,,,
1231,,,,,,
1232,,,,,,
1233,,,,,,
1234,,,,,,
1235,,,,,,
1236,,,,,,
1237,,,,,,
1238,,,,,,
1239,,,,,,
1240,,,,,,
1241,,,,,,
1242,,,,,,
1243,,,,,,
1244,,,,,,
1245,,,,,,
1246,,,,,,
1247,,,,,,
1248,,,,,,
1249,,,,,,
1250,,,,,,
1251,,,,,,
1252,,,,,,
1253,,,,,,
1254,,,,,,
1255,,,,,,
1256,,,,,,
1257,,,,,,
1258,,,,,,
1259,,,,,,
1260,,,,,,
1261,,,,,,
1262,,,,,,
1263,,,,,,
1264,,,,,,
1265,,,,,,
1266,,,,,,
1267,,,,,,
1268,,,,,,
1269,,,,,,
1270,,,,,,
1271,,,,,,
1272,,,,,,
1273,,,,,,
1274,,,,,,
1275,,,,,,
1276,,,,,,
1277,,,,,,
1278,,,,,,
1279,,,,,,
1280,,,,,,
1281,,,,,,
1282,,,,,,
1283,,,,,,
1284,,,,,,
1285,,,,,,
1286,,,,,,
1287,,,,,,
1288,,,,,,
1289,,,,,,
1290,,,,,,
1291,,,,,,
1292,,,,,,
1293,,,,,,
1294,,,,,,
1295,,,,,,
1296,,,,,,
1297,,,,,,
1298,,,,,,
1299,,,,,,
1300,,,,,,
1301,,,,,,
1302,,,,,,
1303,,,,,,
1304,,,,,,
1305,,,,,,
1306,,,,,,
1307,,,,,,
1308,,,,,,
1309,,,,,,
1310,,,,,,
1311,,,,,,
1312,,,,,,
1313,,,,,,
1314,,,,,,
1315,,,,,,
1316,,,,,,
1317,,,,,,
1318,,,,,,
1319,,,,,,
1320,,,,,,
1321,,,,,,
1322,,,,,,
1323,,,,,,
1324,,,,,,
1325,,,,,,
1326,,,,,,
1327,,,,,,
1328,,,,,,
1329,,,,,,
1330,,,,,,
1331,,,,,,
1332,,,,,,
1333,,,,,,
1334,,,,,,
1335,,,,,,
1336,,,,,,
1337,,,,,,
1338,,,,,,
1339,,,,,,
1340,,,,,,
1341,,,,,,
1342,,,,,,
1343,,,,,,
1344,,,,,,
1345,,,,,,
1346,,,,,,
1347,,,,,,
1348,,,,,,
1349,,,,,,
1350,,,,,,
1351,,,,,,
1352,,,,,,
1353,,,,,,
1354,,,,,,
1355,,,,,,
1356,,,,,,
1357,,,,,,
1358,,,,,,
1359,,,,,,
1360,,,,,,
1361,,,,,,
1362,,,,,,
1363,,,,,,
1364,,,,,,
1365,,,,,,
1366,,,,,,
1367,,,,,,
1368,,,,,,
1369,,,,,,
1370,,,,,,
1371,,,,,,
1372,,,,,,
1373,,,,,,
1374,,,,,,
1375,,,,,,
1376,,,,,,
1377,,,,,,
1378,,,,,,
1379,,,,,,
1380,,,,,,
1381,,,,,,
1382,,,,,,
1383,,,,,,
1384,,,,,,
1385,,,,,,
1386,,,,,,
1387,,,,,,
1388,,,,,,
1389,,,,,,
1390,,,,,,
1391,,,,,,
1392,,,,,,
1393,,,,,,
1394,,,,,,
1395,,,,,,
1396,,,,,,
1397,,,,,,
1398,,,,,,
1399,,,,,,
1400,,,,,,
1401,,,,,,
1402,,,,,,
1403,,,,,,
1404,,,,,,
1405,,,,,,
1406,,,,,,
1407,,,,,,
1408,,,,,,
1409,,,,,,
1410,,,,,,
1411,,,,,,
1412,,,,,,
1413,,,,,,
1414,,,,,,
1415,,,,,,
1416,,,,,,
1417,,,,,,
1418,,,,,,
1419,,,,,,
1420,,,,,,
1421,,,,,,
1422,,,,,,
1423,,,,,,
1424,,,,,,
1425,,,,,,
1426,,,,,,
1427,,,,,,
1428,,,,,,
1429,,,,,,
1430,,,,,,
1431,,,,,,
1432,,,,,,
1433,,,,,,
1434,,,,,,
1435,,,,,,
1436,,,,,,
1437,,,,,,
1438,,,,,,
1439,,,,,,
1440,,,,,,
1441,,,,,,
1442,,,,,,
1443,,,,,,
1444,,,,,,
1445,,,,,,
1446,,,,,,
1447,,,,,,
1448,,,,,,
1449,,,,,,
1450,,,,,,
1451,,,,,,
1452,,,,,,
1453,,,,,,
1454,,,,,,
1455,,,,,,
1456,,,,,,
1457,,,,,,
1458,,,,,,
1459,,,,,,
1460,,,,,,
1461,,,,,,
1462,,,,,,
1463,,,,,,
1464,,,,,,
1465,,,,,,
1466,,,,,,
1467,,,,,,
1468,,,,,,
1469,,,,,,
1470,,,,,,
1471,,,,,,
1472,,,,,,
1473,,,,,,
1474,,,,,,
1475,,,,,,
1476,,,,,,
1477,,,,,,
1478,,,,,,
1479,,,,,,
1480,,,,,,
1481,,,,,,
1482,,,,,,
1483,,,,,,
1484,,,,,,
1485,,,,,,
1486,,,,,,
1487,,,,,,
1488,,,,,,
1489,,,,,,
1490,,,,,,
1491,,,,,,
1492,,,,,,
1493,,,,,,
1494,,,,,,
1495,,,,,,
1496,,,,,,
1497,,,,,,
1498,,,,,,
1499,,,,,,
1500,,,,,,
1501,,,,,,
1502,,,,,,
1503,,,,,,
1504,,,,,,
1505,,,,,,
1506,,,,,,
1507,,,,,,
1508,,,,,,
1509,,,,,,
1510,,,,,,
1511,,,,,,
1512,,,,,,
1513,,,,,,
1514,,,,,,
1515,,,,,,
1516,,,,,,
1517,,,,,,
1518,,,,,,
1519,,,,,,
1520,,,,,,
1521,,,,,,
1522,,,,,,
1523,,,,,,
1524,,,,,,
1525,,,,,,
1526,,,,,,
1527,,,,,,
1528,,,,,,
1529,,,,,,
1530,,,,,,
1531,,,,,,
1532,,,,,,
1533,,,,,,
1534,,,,,,
1535,,,,,,
1536,,,,,,
1537,,,,,,
1538,,,,,,
1539,,,,,,
1540,,,,,,
1541,,,,,,
1542,,,,,,
1543,,,,,,
1544,,,,,,
1545,,,,,,
1546,,,,,,
1547,,,,,,
1548,,,,,,
1549,,,,,,
1550,,,,,,
1551,,,,,,
1552,,,,,,
1553,,,,,,
1554,,,,,,
1555,,,,,,
1556,,,,,,
1557,,,,,,
1558,,,,,,
1559,,,,,,
1560,,,,,,
1561,,,,,,
1562,,,,,,
1563,,,,,,
1564,,,,,,
1565,,,,,,
1566,,,,,,
1567,,,,,,
1568,,,,,,
1569,,,,,,
1570,,,,,,
1571,,,,,,
1572,,,,,,
1573,,,,,,
1574,,,,,,
1575,,,,,,
1576,,,,,,
1577,,,,,,
1578,,,,,,
1579,,,,,,
1580,,,,,,
1581,,,,,,
1582,,,,,,
1583,,,,,,
1584,,,,,,
1585,,,,,,
1586,,,,,,
1587,,,,,,
1588,,,,,,
1589,,,,,,
1590,,,,,,
1591,,,,,,
1592,,,,,,
1593,,,,,,
1594,,,,,,
1595,,,,,,
1596,,,,,,
1597,,,,,,
1598,,,,,,
1599,,,,,,
1600,,,,,,
1601,,,,,,
1602,,,,,,
1603,,,,,,
1604,,,,,,
1605,,,,,,
1606,,,,,,
1607,,,,,,
1608,,,,,,
1609,,,,,,
1610,,,,,,
1611,,,,,,
1612,,,,,,
1613,,,,,,
1614,,,,,,
1615,,,,,,
1616,,,,,,
1617,,,,,,
1618,,,,,,
1619,,,,,,
1620,,,,,,
1621,,,,,,
1622,,,,,,
1623,,,,,,
1624,,,,,,
1625,,,,,,
1626,,,,,,
1627,,,,,,
1628,,,,,,
1629,,,,,,
1630,,,,,,
1631,,,,,,
1632,,,,,,
1633,,,,,,
1634,,,,,,
1635,,,,,,
1636,,,,,,
1637,,,,,,
1638,,,,,,
1639,,,,,,
1640,,,,,,
1641,,,,,,
1642,,,,,,
1643,,,,,,
1644,,,,,,
1645,,,,,,
1646,,,,,,
1647,,,,,,
1648,,,,,,
1649,,,,,,
1650,,,,,,
1651,,,,,,
1652,,,,,,
1653,,,,,,
1654,,,,,,
1655,,,,,,
1656,,,,,,
1657,,,,,,
1658,,,,,,
1659,,,,,,
1660,,,,,,
1661,,,,,,
1662,,,,,,
1663,,,,,,
1664,,,,,,
1665,,,,,,
1666,,,,,,
1667,,,,,,
1668,,,,,,
1669,,,,,,
1670,,,,,,
1671,,,,,,
1672,,,,,,
1673,,,,,,
1674,,,,,,
1675,,,,,,
1676,,,,,,
1677,,,,,,
1678,,,,,,
1679,,,,,,
1680,,,,,,
1681,,,,,,
1682,,,,,,
1683,,,,,,
1684,,,,,,
1685,,,,,,
1686,,,,,,
1687,,,,,,
1688,,,,,,
1689,,,,,,
1690,,,,,,
1691,,,,,,
1692,,,,,,
1693,,,,,,
1694,,,,,,
1695,,,,,,
1696,,,,,,
1697,,,,,,
1698,,,,,,
1699,,,,,,
1700,,,,,,
1701,,,,,,
1702,,,,,,
1703,,,,,,
1704,,,,,,
1705,,,,,,
1706,,,,,,
1707,,,,,,
1708,,,,,,
1709,,,,,,
1710,,,,,,
1711,,,,,,
1712,,,,,,
1713,,,,,,
1714,,,,,,
1715,,,,,,
1716,,,,,,
1717,,,,,,
1718,,,,,,
1719,,,,,,
1720,,,,,,
1721,,,,,,
1722,,,,,,
1723,,,,,,
1724,,,,,,
1725,,,,,,
1726,,,,,,
1727,,,,,,
1728,,,,,,
1729,,,,,,
1730,,,,,,
1731,,,,,,
1732,,,,,,
1733,,,,,,
1734,,,,,,
1735,,,,,,
1736,,,,,,
1737,,,,,,
1738,,,,,,
1739,,,,,,
1740,,,,,,
1741,,,,,,
1742,,,,,,
1743,,,,,,
1744,,,,,,
1745,,,,,,
1746,,,,,,
1747,,,,,,
1748,,,,,,
1749,,,,,,
1750,,,,,,
1751,,,,,,
1752,,,,,,
1753,,,,,,
1754,,,,,,
1755,,,,,,
1756,,,,,,
1757,,,,,,
1758,,,,,,
1759,,,,,,
1760,,,,,,
1761,,,,,,
1762,,,,,,
1763,,,,,,
1764,,,,,,
1765,,,,,,
1766,,,,,,
1767,,,,,,
1768,,,,,,
1769,,,,,,
1770,,,,,,
1771,,,,,,
1772,,,,,,
1773,,,,,,
1774,,,,,,
1775,,,,,,
1776,,,,,,
1777,,,,,,
1778,,,,,,
1779,,,,,,
1780,,,,,,
1781,,,,,,
1782,,,,,,
1783,,,,,,
1784,,,,,,
1785,,,,,,
1786,,,,,,
1787,,,,,,
1788,,,,,,
1789,,,,,,
1790,,,,,,
1791,,,,,,
1792,,,,,,
1793,,,,,,
1794,,,,,,
1795,,,,,,
1796,,,,,,
1797,,,,,,
1798,,,,,,
1799,,,,,,
1800,,,,,,
1801,,,,,,
1802,,,,,,
1803,,,,,,
1804,,,,,,
1805,,,,,,
1806,,,,,,
1807,,,,,,
1808,,,,,,
1809,,,,,,
1810,,,,,,
1811,,,,,,
1812,,,,,,
1813,,,,,,
1814,,,,,,
1815,,,,,,
1816,,,,,,
1817,,,,,,
1818,,,,,,
1819,,,,,,
1820,,,,,,
1821,,,,,,
1822,,,,,,
1823,,,,,,
1824,,,,,,
1825,,,,,,
1826,,,,,,
1827,,,,,,
1828,,,,,,
1829,,,,,,
1830,,,,,,
1831,,,,,,
1832,,,,,,
1833,,,,,,
1834,,,,,,
1835,,,,,,
1836,,,,,,
1837,,,,,,
1838,,,,,,
1839,,,,,,
1840,,,,,,
1841,,,,,,
1842,,,,,,
1843,,,,,,
1844,,,,,,
1845,,,,,,
1846,,,,,,
1847,,,,,,
1848,,,,,,
1849,,,,,,
1850,,,,,,
1851,,,,,,
1852,,,,,,
1853,,,,,,
1854,,,,,,
1855,,,,,,
1856,,,,,,
1857,,,,,,
1858,,,,,,
1859,,,,,,
1860,,,,,,
1861,,,,,,
1862,,,,,,
1863,,,,,,
1864,,,,,,
1865,,,,,,
1866,,,,,,
1867,,,,,,
1868,,,,,,
1869,,,,,,
1870,,,,,,
1871,,,,,,
1872,,,,,,
1873,,,,,,
1874,,,,,,
1875,,,,,,
1876,,,,,,
1877,,,,,,
1878,,,,,,
1879,,,,,,
1880,,,,,,
1881,,,,,,
1882,,,,,,
1883,,,,,,
1884,,,,,,
1885,,,,,,
1886,,,,,,
1887,,,,,,
1888,,,,,,
1889,,,,,,
1890,,,,,,
1891,,,,,,
1892,,,,,,
1893,,,,,,
1894,,,,,,
1895,,,,,,
1896,,,,,,
1897,,,,,,
1898,,,,,,
1899,,,,,,
1900,,,,,,
1901,,,,,,
1902,,,,,,
1903,,,,,,
1904,,,,,,
1905,,,,,,
1906,,,,,,
1907,,,,,,
1908,,,,,,
1909,,,,,,
1910,,,,,,
1911,,,,,,
1912,,,,,,
1913,,,,,,
1914,,,,,,
1915,,,,,,
1916,,,,,,
1917,,,,,,
1918,,,,,,
1919,,,,,,
1920,,,,,,
1921,,,,,,
1922,,,,,,
1923,,,,,,
1924,,,,,,
1925,,,,,,
1926,,,,,,
1927,,,,,,
1928,,,,,,
1929,,,,,,
1930,,,,,,
1931,,,,,,
1932,,,,,,
1933,,,,,,
1934,,,,,,
1935,,,,,,
1936,,,,,,
1937,,,,,,
1938,,,,,,
1939,,,,,,
1940,,,,,,
1941,,,,,,
1942,,,,,,
1943,,,,,,
1944,,,,,,
1945,,,,,,
1946,,,,,,
1947,,,,,,
1948,,,,,,
1949,,,,,,
1950,,,,,,
1951,,,,,,
1952,,,,,,
1953,,,,,,
1954,,,,,,
1955,,,,,,
1956,,,,,,
1957,,,,,,
1958,,,,,,
1959,,,,,,
1960,,,,,,
1961,,,,,,
1962,,,,,,
1963,,,,,,
1964,,,,,,
1965,,,,,,
1966,,,,,,
1967,,,,,,
1968,,,,,,
1969,,,,,,
1970,,,,,,
1971,,,,,,
1972,,,,,,
1973,,,,,,
1974,,,,,,
1975,,,,,,
1976,,,,,,
1977,,,,,,
1978,,,,,,
1979,,,,,,
1980,,,,,,
1981,望遠鏡_並列更新,,,望遠鏡_並列更新,,
1982,,,,,,
1983,,,,,,
1984,,,,,,
1985,,,,,,
1986,ロボの街_マーク出現,,,ロボの街_マーク出現,,
1987,虐殺の街_マーク出現,,,虐殺の街_マーク出現,,
1988,白い空間_はずれマーク消す,,,白い空間_はずれマーク消す,,
1989,白い空間_マーク出現,,,白い空間_マーク出現,,
1990,作業部屋_マーク出現,,,作業部屋_マーク出現,,
1991,,,,,,
1992,地球とモーリアン_解錠,,,地球とモーリアン_解錠,,
1993,地球とモーリアン_マーク出現,,,地球とモーリアン_マーク出現,,
1994,ピンクの海_穴開通,,,ピンクの海_穴開通,,
1995,外交部屋_マーク出現,,,外交部屋_マーク出現,,
1996,洞窟_マーク出現,,,洞窟_マーク出現,,
1997,宇宙っぽい空間_マーク出現,,,宇宙っぽい空間_マーク出現,,
1998,屋根裏_解錠,,,屋根裏_解錠,,
1999,地球の海_マーク出現,,,地球の海_マーク出現,,
2000,地球の海_解錠,,,地球の海_解錠,,
2001,,,,,,
2002,,,,,,
2003,,,,,,
2004,,,,,,
2005,,,,,,
2006,,,,,,
2007,,,,,,
2008,,,,,,
2009,,,,,,
2010,,,,,,
2011,,,,,,
2012,,,,,,
2013,,,,,,
2014,,,,,,
2015,,,,,,
2016,,,,,,
2017,,,,,,
2018,,,,,,
2019,,,,,,
2020,,,,,,
2021,,,,,,
2022,,,,,,
2023,,,,,,
2024,,,,,,
2025,,,,,,
2026,,,,,,
2027,,,,,,
2028,,,,,,
2029,,,,,,
2030,,,,,,
2031,,,,,,
2032,,,,,,
2033,,,,,,
2034,,,,,,
2035,,,,,,
2036,,,,,,
2037,,,,,,
2038,,,,,,
2039,,,,,,
2040,,,,,,
2041,,,,,,
2042,,,,,,
2043,,,,,,
2044,,,,,,
2045,,,,,,
2046,,,,,,
2047,,,,,,
2048,,,,,,
2049,,,,,,
2050,,,,,,
2051,,,,,,
2052,,,,,,
2053,,,,,,
2054,,,,,,
2055,,,,,,
2056,,,,,,
2057,,,,,,
2058,,,,,,
2059,,,,,,
2060,,,,,,
2061,,,,,,
2062,,,,,,
2063,,,,,,
2064,,,,,,
2065,,,,,,
2066,,,,,,
2067,,,,,,
2068,,,,,,
2069,,,,,,
2070,,,,,,
2071,,,,,,
2072,,,,,,
2073,,,,,,
2074,,,,,,
2075,,,,,,
2076,,,,,,
2077,,,,,,
2078,,,,,,
2079,,,,,,
2080,,,,,,
2081,,,,,,
2082,,,,,,
2083,,,,,,
2084,,,,,,
2085,,,,,,
2086,,,,,,
2087,,,,,,
2088,,,,,,
2089,,,,,,
2090,,,,,,
2091,,,,,,
2092,,,,,,
2093,,,,,,
2094,,,,,,
2095,,,,,,
2096,,,,,,
2097,,,,,,
2098,,,,,,
2099,,,,,,
2100,,,,,,
2101,,,,,,
2102,,,,,,
2103,,,,,,
2104,,,,,,
2105,,,,,,
2106,,,,,,
2107,,,,,,
2108,,,,,,
2109,,,,,,
2110,,,,,,
2111,,,,,,
2112,,,,,,
2113,,,,,,
2114,,,,,,
2115,,,,,,
2116,,,,,,
2117,,,,,,
2118,,,,,,
2119,,,,,,
2120,,,,,,
2121,,,,,,
2122,,,,,,
2123,,,,,,
2124,,,,,,
2125,,,,,,
2126,,,,,,
2127,,,,,,
2128,,,,,,
2129,,,,,,
2130,,,,,,
2131,,,,,,
2132,,,,,,
2133,,,,,,
2134,,,,,,
2135,,,,,,
2136,,,,,,
2137,,,,,,
2138,,,,,,
2139,,,,,,
2140,,,,,,
2141,,,,,,
2142,,,,,,
2143,,,,,,
2144,,,,,,
2145,,,,,,
2146,,,,,,
2147,,,,,,
2148,,,,,,
2149,,,,,,
2150,,,,,,
2151,,,,,,
2152,,,,,,
2153,,,,,,
2154,,,,,,
2155,,,,,,
2156,,,,,,
2157,,,,,,
2158,,,,,,
2159,,,,,,
2160,,,,,,
2161,,,,,,
2162,,,,,,
2163,,,,,,
2164,,,,,,
2165,,,,,,
2166,,,,,,
2167,,,,,,
2168,,,,,,
2169,,,,,,
2170,,,,,,
2171,,,,,,
2172,,,,,,
2173,,,,,,
2174,,,,,,
2175,,,,,,
2176,,,,,,
2177,,,,,,
2178,,,,,,
2179,,,,,,
2180,,,,,,
2181,,,,,,
2182,,,,,,
2183,,,,,,
2184,,,,,,
2185,,,,,,
2186,,,,,,
2187,,,,,,
2188,,,,,,
2189,,,,,,
2190,,,,,,
2191,,,,,,
2192,,,,,,
2193,,,,,,
2194,,,,,,
2195,,,,,,
2196,,,,,,
2197,,,,,,
2198,,,,,,
2199,,,,,,
2200,,,,,,
2201,,,,,,
2202,,,,,,
2203,,,,,,
2204,,,,,,
2205,,,,,,
2206,,,,,,
2207,,,,,,
2208,,,,,,
2209,,,,,,
2210,,,,,,
2211,,,,,,
2212,,,,,,
2213,,,,,,
2214,,,,,,
2215,,,,,,
2216,,,,,,
2217,,,,,,
2218,,,,,,
2219,,,,,,
2220,,,,,,
2221,,,,,,
2222,,,,,,
2223,,,,,,
2224,,,,,,
2225,,,,,,
2226,,,,,,
2227,,,,,,
2228,,,,,,
2229,,,,,,
2230,,,,,,
2231,,,,,,
2232,,,,,,
2233,,,,,,
2234,,,,,,
2235,,,,,,
2236,,,,,,
2237,,,,,,
2238,,,,,,
2239,,,,,,
2240,,,,,,
2241,,,,,,
2242,,,,,,
2243,,,,,,
2244,,,,,,
2245,,,,,,
2246,,,,,,
2247,,,,,,
2248,,,,,,
2249,,,,,,
2250,,,,,,
2251,,,,,,
2252,,,,,,
2253,,,,,,
2254,,,,,,
2255,,,,,,
2256,,,,,,
2257,,,,,,
2258,,,,,,
2259,,,,,,
2260,,,,,,
2261,,,,,,
2262,,,,,,
2263,,,,,,
2264,,,,,,
2265,,,,,,
2266,,,,,,
2267,,,,,,
2268,,,,,,
2269,,,,,,
2270,,,,,,
2271,,,,,,
2272,,,,,,
2273,,,,,,
2274,,,,,,
2275,,,,,,
2276,,,,,,
2277,,,,,,
2278,,,,,,
2279,,,,,,
2280,,,,,,
2281,,,,,,
2282,,,,,,
2283,,,,,,
2284,,,,,,
2285,,,,,,
2286,,,,,,
2287,,,,,,
2288,,,,,,
2289,,,,,,
2290,,,,,,
2291,,,,,,
2292,,,,,,
2293,,,,,,
2294,,,,,,
2295,,,,,,
2296,,,,,,
2297,,,,,,
2298,,,,,,
2299,,,,,,
2300,,,,,,
2301,,,,,,
2302,,,,,,
2303,,,,,,
2304,,,,,,
2305,,,,,,
2306,,,,,,
2307,,,,,,
2308,,,,,,
2309,,,,,,
2310,,,,,,
2311,,,,,,
2312,,,,,,
2313,,,,,,
2314,,,,,,
2315,,,,,,
2316,,,,,,
2317,,,,,,
2318,,,,,,
2319,,,,,,
2320,,,,,,
2321,,,,,,
2322,,,,,,
2323,,,,,,
2324,,,,,,
2325,,,,,,
2326,,,,,,
2327,,,,,,
2328,,,,,,
2329,,,,,,
2330,,,,,,
2331,,,,,,
2332,,,,,,
2333,,,,,,
2334,,,,,,
2335,,,,,,
2336,,,,,,
2337,,,,,,
2338,,,,,,
2339,,,,,,
2340,,,,,,
2341,,,,,,
2342,,,,,,
2343,,,,,,
2344,,,,,,
2345,,,,,,
2346,,,,,,
2347,,,,,,
2348,,,,,,
2349,,,,,,
2350,,,,,,
2351,,,,,,
2352,,,,,,
2353,,,,,,
2354,,,,,,
2355,,,,,,
2356,,,,,,
2357,,,,,,
2358,,,,,,
2359,,,,,,
2360,,,,,,
2361,,,,,,
2362,,,,,,
2363,,,,,,
2364,,,,,,
2365,,,,,,
2366,,,,,,
2367,,,,,,
2368,,,,,,
2369,,,,,,
2370,,,,,,
2371,,,,,,
2372,,,,,,
2373,,,,,,
2374,,,,,,
2375,,,,,,
2376,,,,,,
2377,,,,,,
2378,,,,,,
2379,,,,,,
2380,,,,,,
2381,,,,,,
2382,,,,,,
2383,,,,,,
2384,,,,,,
2385,,,,,,
2386,,,,,,
2387,,,,,,
2388,,,,,,
2389,,,,,,
2390,,,,,,
2391,,,,,,
2392,,,,,,
2393,,,,,,
2394,,,,,,
2395,,,,,,
2396,,,,,,
2397,,,,,,
2398,,,,,,
2399,,,,,,
2400,,,,,,
2401,,,,,,
2402,,,,,,
2403,,,,,,
2404,,,,,,
2405,,,,,,
2406,,,,,,
2407,,,,,,
2408,,,,,,
2409,,,,,,
2410,,,,,,
2411,,,,,,
2412,,,,,,
2413,,,,,,
2414,,,,,,
2415,,,,,,
2416,,,,,,
2417,,,,,,
2418,,,,,,
2419,,,,,,
2420,,,,,,
2421,,,,,,
2422,,,,,,
2423,,,,,,
2424,,,,,,
2425,,,,,,
2426,,,,,,
2427,,,,,,
2428,,,,,,
2429,,,,,,
2430,,,,,,
2431,,,,,,
2432,,,,,,
2433,,,,,,
2434,,,,,,
2435,,,,,,
2436,,,,,,
2437,,,,,,
2438,,,,,,
2439,,,,,,
2440,,,,,,
2441,,,,,,
2442,,,,,,
2443,,,,,,
2444,,,,,,
2445,,,,,,
2446,,,,,,
2447,,,,,,
2448,,,,,,
2449,,,,,,
2450,,,,,,
2451,,,,,,
2452,,,,,,
2453,,,,,,
2454,,,,,,
2455,,,,,,
2456,,,,,,
2457,,,,,,
2458,,,,,,
2459,,,,,,
2460,,,,,,
2461,,,,,,
2462,,,,,,
2463,,,,,,
2464,,,,,,
2465,,,,,,
2466,,,,,,
2467,,,,,,
2468,,,,,,
2469,,,,,,
2470,,,,,,
2471,,,,,,
2472,,,,,,
2473,,,,,,
2474,,,,,,
2475,,,,,,
2476,,,,,,
2477,,,,,,
2478,,,,,,
2479,,,,,,
2480,,,,,,
2481,,,,,,
2482,,,,,,
2483,,,,,,
2484,,,,,,
2485,,,,,,
2486,,,,,,
2487,,,,,,
2488,,,,,,
2489,,,,,,
2490,,,,,,
2491,,,,,,
2492,,,,,,
2493,,,,,,
2494,,,,,,
2495,,,,,,
2496,,,,,,
2497,,,,,,
2498,,,,,,
2499,,,,,,
2500,,,,,,
2501,,,,,,
2502,,,,,,
2503,,,,,,
2504,,,,,,
2505,,,,,,
2506,,,,,,
2507,,,,,,
2508,,,,,,
2509,,,,,,
2510,,,,,,
2511,,,,,,
2512,,,,,,
2513,,,,,,
2514,,,,,,
2515,,,,,,
2516,,,,,,
2517,,,,,,
2518,,,,,,
2519,,,,,,
2520,,,,,,
2521,,,,,,
2522,,,,,,
2523,,,,,,
2524,,,,,,
2525,,,,,,
2526,,,,,,
2527,,,,,,
2528,,,,,,
2529,,,,,,
2530,,,,,,
2531,,,,,,
2532,,,,,,
2533,,,,,,
2534,,,,,,
2535,,,,,,
2536,,,,,,
2537,,,,,,
2538,,,,,,
2539,,,,,,
2540,,,,,,
2541,,,,,,
2542,,,,,,
2543,,,,,,
2544,,,,,,
2545,,,,,,
2546,,,,,,
2547,,,,,,
2548,,,,,,
2549,,,,,,
2550,,,,,,
2551,,,,,,
2552,,,,,,
2553,,,,,,
2554,,,,,,
2555,,,,,,
2556,,,,,,
2557,,,,,,
2558,,,,,,
2559,,,,,,
2560,,,,,,
2561,,,,,,
2562,,,,,,
2563,,,,,,
2564,,,,,,
2565,,,,,,
2566,,,,,,
2567,,,,,,
2568,,,,,,
2569,,,,,,
2570,,,,,,
2571,,,,,,
2572,,,,,,
2573,,,,,,
2574,,,,,,
2575,,,,,,
2576,,,,,,
2577,,,,,,
2578,,,,,,
2579,,,,,,
2580,,,,,,
2581,,,,,,
2582,,,,,,
2583,,,,,,
2584,,,,,,
2585,,,,,,
2586,,,,,,
2587,,,,,,
2588,,,,,,
2589,,,,,,
2590,,,,,,
2591,,,,,,
2592,,,,,,
2593,,,,,,
2594,,,,,,
2595,,,,,,
2596,,,,,,
2597,,,,,,
2598,,,,,,
2599,,,,,,
2600,,,,,,
2601,,,,,,
2602,,,,,,
2603,,,,,,
2604,,,,,,
2605,,,,,,
2606,,,,,,
2607,,,,,,
2608,,,,,,
2609,,,,,,
2610,,,,,,
2611,,,,,,
2612,,,,,,
2613,,,,,,
2614,,,,,,
2615,,,,,,
2616,,,,,,
2617,,,,,,
2618,,,,,,
2619,,,,,,
2620,,,,,,
2621,,,,,,
2622,,,,,,
2623,,,,,,
2624,,,,,,
2625,,,,,,
2626,,,,,,
2627,,,,,,
2628,,,,,,
2629,,,,,,
2630,,,,,,
2631,,,,,,
2632,,,,,,
2633,,,,,,
2634,,,,,,
2635,,,,,,
2636,,,,,,
2637,,,,,,
2638,,,,,,
2639,,,,,,
2640,,,,,,
2641,,,,,,
2642,,,,,,
2643,,,,,,
2644,,,,,,
2645,,,,,,
2646,,,,,,
2647,,,,,,
2648,,,,,,
2649,,,,,,
2650,,,,,,
2651,,,,,,
2652,,,,,,
2653,,,,,,
2654,,,,,,
2655,,,,,,
2656,,,,,,
2657,,,,,,
2658,,,,,,
2659,,,,,,
2660,,,,,,
2661,,,,,,
2662,,,,,,
2663,,,,,,
2664,,,,,,
2665,,,,,,
2666,,,,,,
2667,,,,,,
2668,,,,,,
2669,,,,,,
2670,,,,,,
2671,,,,,,
2672,,,,,,
2673,,,,,,
2674,,,,,,
2675,,,,,,
2676,,,,,,
2677,,,,,,
2678,,,,,,
2679,,,,,,
2680,,,,,,
2681,,,,,,
2682,,,,,,
2683,,,,,,
2684,,,,,,
2685,,,,,,
2686,,,,,,
2687,,,,,,
2688,,,,,,
2689,,,,,,
2690,,,,,,
2691,,,,,,
2692,,,,,,
2693,,,,,,
2694,,,,,,
2695,,,,,,
2696,,,,,,
2697,,,,,,
2698,,,,,,
2699,,,,,,
2700,,,,,,
2701,,,,,,
2702,,,,,,
2703,,,,,,
2704,,,,,,
2705,,,,,,
2706,,,,,,
2707,,,,,,
2708,,,,,,
2709,,,,,,
2710,,,,,,
2711,,,,,,
2712,,,,,,
2713,,,,,,
2714,,,,,,
2715,,,,,,
2716,,,,,,
2717,,,,,,
2718,,,,,,
2719,,,,,,
2720,,,,,,
2721,,,,,,
2722,,,,,,
2723,,,,,,
2724,,,,,,
2725,,,,,,
2726,,,,,,
2727,,,,,,
2728,,,,,,
2729,,,,,,
2730,,,,,,
2731,,,,,,
2732,,,,,,
2733,,,,,,
2734,,,,,,
2735,,,,,,
2736,,,,,,
2737,,,,,,
2738,,,,,,
2739,,,,,,
2740,,,,,,
2741,,,,,,
2742,,,,,,
2743,,,,,,
2744,,,,,,
2745,,,,,,
2746,,,,,,
2747,,,,,,
2748,,,,,,
2749,,,,,,
2750,,,,,,
2751,,,,,,
2752,,,,,,
2753,,,,,,
2754,,,,,,
2755,,,,,,
2756,,,,,,
2757,,,,,,
2758,,,,,,
2759,,,,,,
2760,,,,,,
2761,,,,,,
2762,,,,,,
2763,,,,,,
2764,,,,,,
2765,,,,,,
2766,,,,,,
2767,,,,,,
2768,,,,,,
2769,,,,,,
2770,,,,,,
2771,,,,,,
2772,,,,,,
2773,,,,,,
2774,,,,,,
2775,,,,,,
2776,,,,,,
2777,,,,,,
2778,,,,,,
2779,,,,,,
2780,,,,,,
2781,,,,,,
2782,,,,,,
2783,,,,,,
2784,,,,,,
2785,,,,,,
2786,,,,,,
2787,,,,,,
2788,,,,,,
2789,,,,,,
2790,,,,,,
2791,,,,,,
2792,,,,,,
2793,,,,,,
2794,,,,,,
2795,,,,,,
2796,,,,,,
2797,,,,,,
2798,,,,,,
2799,,,,,,
2800,,,,,,
2801,,,,,,
2802,,,,,,
2803,,,,,,
2804,,,,,,
2805,,,,,,
2806,,,,,,
2807,,,,,,
2808,,,,,,
2809,,,,,,
2810,,,,,,
2811,,,,,,
2812,,,,,,
2813,,,,,,
2814,,,,,,
2815,,,,,,
2816,,,,,,
2817,,,,,,
2818,,,,,,
2819,,,,,,
2820,,,,,,
2821,,,,,,
2822,,,,,,
2823,,,,,,
2824,,,,,,
2825,,,,,,
2826,,,,,,
2827,,,,,,
2828,,,,,,
2829,,,,,,
2830,,,,,,
2831,,,,,,
2832,,,,,,
2833,,,,,,
2834,,,,,,
2835,,,,,,
2836,,,,,,
2837,,,,,,
2838,,,,,,
2839,,,,,,
2840,,,,,,
2841,,,,,,
2842,,,,,,
2843,,,,,,
2844,,,,,,
2845,,,,,,
2846,,,,,,
2847,,,,,,
2848,,,,,,
2849,,,,,,
2850,,,,,,
2851,,,,,,
2852,,,,,,
2853,,,,,,
2854,,,,,,
2855,,,,,,
2856,,,,,,
2857,,,,,,
2858,,,,,,
2859,,,,,,
2860,,,,,,
2861,,,,,,
2862,,,,,,
2863,,,,,,
2864,,,,,,
2865,,,,,,
2866,,,,,,
2867,,,,,,
2868,,,,,,
2869,,,,,,
2870,,,,,,
2871,,,,,,
2872,,,,,,
2873,,,,,,
2874,,,,,,
2875,,,,,,
2876,,,,,,
2877,,,,,,
2878,,,,,,
2879,,,,,,
2880,,,,,,
2881,,,,,,
2882,,,,,,
2883,,,,,,
2884,,,,,,
2885,,,,,,
2886,,,,,,
2887,,,,,,
2888,,,,,,
2889,,,,,,
2890,,,,,,
2891,,,,,,
2892,,,,,,
2893,,,,,,
2894,,,,,,
2895,,,,,,
2896,,,,,,
2897,,,,,,
2898,,,,,,
2899,,,,,,
2900,,,,,,
2901,,,,,,
2902,,,,,,
2903,,,,,,
2904,,,,,,
2905,,,,,,
2906,,,,,,
2907,,,,,,
2908,,,,,,
2909,,,,,,
2910,,,,,,
2911,,,,,,
2912,,,,,,
2913,,,,,,
2914,,,,,,
2915,,,,,,
2916,,,,,,
2917,,,,,,
2918,,,,,,
2919,,,,,,
2920,,,,,,
2921,,,,,,
2922,,,,,,
2923,,,,,,
2924,,,,,,
2925,,,,,,
2926,,,,,,
2927,,,,,,
2928,,,,,,
2929,,,,,,
2930,,,,,,
2931,,,,,,
2932,,,,,,
2933,,,,,,
2934,,,,,,
2935,,,,,,
2936,,,,,,
2937,,,,,,
2938,,,,,,
2939,,,,,,
2940,,,,,,
2941,,,,,,
2942,,,,,,
2943,,,,,,
2944,,,,,,
2945,,,,,,
2946,,,,,,
2947,,,,,,
2948,,,,,,
2949,,,,,,
2950,,,,,,
2951,,,,,,
2952,,,,,,
2953,,,,,,
2954,,,,,,
2955,,,,,,
2956,,,,,,
2957,,,,,,
2958,,,,,,
2959,,,,,,
2960,,,,,,
2961,,,,,,
2962,,,,,,
2963,,,,,,
2964,,,,,,
2965,,,,,,
2966,,,,,,
2967,,,,,,
2968,,,,,,
2969,,,,,,
2970,,,,,,
2971,,,,,,
2972,,,,,,
2973,,,,,,
2974,,,,,,
2975,,,,,,
2976,,,,,,
2977,,,,,,
2978,,,,,,
2979,,,,,,
2980,,,,,,
2981,,,,,,
2982,,,,,,
2983,,,,,,
2984,,,,,,
2985,,,,,,
2986,,,,,,
2987,,,,,,
2988,,,,,,
2989,,,,,,
2990,,,,,,
2991,,,,,,
2992,,,,,,
2993,,,,,,
2994,,,,,,
2995,,,,,,
2996,,,,,,
2997,,,,,,
2998,,,,,,
2999,,,,,,
3000,,,,,,